NAME,ORG_NAME,VPN_PROFILE
Bespoke-N1-PS-D-HW-LIB-P,IPC00172,NV-WC01-N1-HKG-Profile
Bespoke-N1-PS-D-HW-LIB-P,IPC00172,NV-WC02-N1-HKG-Profile
Bespoke-N1-PS-D-HW-LIB-S,IPC00172,NV-WC01-N1-HKG-Profile
Bespoke-N1-PS-D-HW-LIB-S,IPC00172,NV-WC02-N1-HKG-Profile
Bespoke-N1-PS-D-HW-P,IPC00172,NV-WC01-N1-HKG-Profile
Bespoke-N1-PS-D-HW-P,IPC00172,NV-WC02-N1-HKG-Profile
Bespoke-N1-PS-D-HW-S,IPC00172,NV-WC01-N1-HKG-Profile
Bespoke-N1-PS-D-HW-S,IPC00172,NV-WC02-N1-HKG-Profile
COLT-PS-NV-ADVCPE-N2-BLR-Temp,TEST-CUST1-BLR,BRANCH-CTRL1
COLT-PS-NV-ADVCPE-N2-BLR-Temp,TEST-CUST1-BLR,BRANCH-CTRL2
CPE11-HYBRD-PS,IPC00172,NV-WC01-N1-HKG-Profile
CPE11-HYBRD-PS,IPC00172,NV-WC02-N1-HKG-Profile
CPE11HYD-PS,IPC00172,NV-WC01-N1-HKG-Profile
CPE11HYD-PS,IPC00172,NV-WC02-N1-HKG-Profile
CPE19-HKG-INTONLY-PS,IPC00012,NV-WC01-N1-HKG-Profile
CPE19-HKG-INTONLY-PS,IPC00012,NV-WC02-N1-HKG-Profile
CPE20-SIN_02-HYBRID-PS,IPC00012,NV-WC01-N6-SIN-Profile
CPE20-SIN_02-HYBRID-PS,IPC00012,NV-WC02-N6-SIN-Profile
Copy_of_SNMP-SMARTS,IPC04151,NV-WC01-N3-GGN-Profile
Copy_of_SNMP-SMARTS,IPC04151,NV-WC02-N3-GGN-Profile
IPC00012-LON-PS-D-INT,IPC00012,NV-WC01-N5-LON-Profile
IPC00012-LON-PS-D-INT,IPC00012,NV-WC02-N5-LON-Profile
IPC00012-LON-PS-D-MPLS,IPC00012,NV-WC01-N5-LON-Profile
IPC00012-LON-PS-D-MPLS,IPC00012,NV-WC02-N5-LON-Profile
IPC000172-ARUN-PS,IPC00172,NV-WC01-N6-SIN-Profile
IPC000172-ARUN-PS,IPC00172,NV-WC02-N6-SIN-Profile
IPC00172-HKG-PS-DISD-LIB1-v1_9-4G,IPC00172,NV-WC01-N1-HKG-Profile
IPC00172-HKG-PS-DISD-LIB1-v1_9-4G,IPC00172,NV-WC02-N1-HKG-Profile
IPC00172-HKG-PS-Dual-INT-LTE-MOP,IPC00172,NV-WC01-N1-HKG-Profile
IPC00172-HKG-PS-Dual-INT-LTE-MOP,IPC00172,NV-WC02-N1-HKG-Profile
IPC00172-HKG-PS-Dual-INT-LTE-MOS,IPC00172,NV-WC01-N1-HKG-Profile
IPC00172-HKG-PS-Dual-INT-LTE-MOS,IPC00172,NV-WC02-N1-HKG-Profile
IPC00172-HKG-PS-HS-LIB,IPC00172,NV-WC01-N1-HKG-Profile
IPC00172-HKG-PS-HS-LIB,IPC00172,NV-WC02-N1-HKG-Profile
IPC00172-HKG-PS-HS-LIB-MAN,IPC00172,NV-WC01-N1-HKG-Profile
IPC00172-HKG-PS-HS-LIB-MAN,IPC00172,NV-WC02-N1-HKG-Profile
IPC00172-HKG-PS-HS-LIB-V120,IPC00172,NV-WC01-N1-HKG-Profile
IPC00172-HKG-PS-HS-LIB-V120,IPC00172,NV-WC02-N1-HKG-Profile
IPC00172-HKG-PS-MOP,IPC00172,NV-WC01-N1-HKG-Profile
IPC00172-HKG-PS-MOP,IPC00172,NV-WC02-N1-HKG-Profile
IPC00172-HKG-PS-MOS,IPC00172,NV-WC01-N1-HKG-Profile
IPC00172-HKG-PS-MOS,IPC00172,NV-WC02-N1-HKG-Profile
IPC00172-N1-HKG-D-PS-INT,IPC00172,NV-WC01-N1-HKG-Profile
IPC00172-N1-HKG-D-PS-INT,IPC00172,NV-WC02-N1-HKG-Profile
IPC00172-N1-HKG-D-PS-MPLS,IPC00172,NV-WC01-N1-HKG-Profile
IPC00172-N1-HKG-D-PS-MPLS,IPC00172,NV-WC02-N1-HKG-Profile
IPC00172-N1-HKG-VOIP-D-INT,IPC00172,NV-WC01-N1-HKG-Profile
IPC00172-N1-HKG-VOIP-D-INT,IPC00172,NV-WC02-N1-HKG-Profile
IPC00172-N1-HKG-VOIP-D-MPLS,IPC00172,NV-WC01-N1-HKG-Profile
IPC00172-N1-HKG-VOIP-D-MPLS,IPC00172,NV-WC02-N1-HKG-Profile
IPC00172-N6-D-PS-INT,IPC00172,NV-WC01-N6-SIN-Profile
IPC00172-N6-D-PS-INT,IPC00172,NV-WC02-N6-SIN-Profile
IPC00172-N6-D-PS-MPLS,IPC00172,NV-WC01-N6-SIN-Profile
IPC00172-N6-D-PS-MPLS,IPC00172,NV-WC02-N6-SIN-Profile
IPC00172-SIN-PS-D-MOP,IPC00172,NV-WC01-N6-SIN-Profile
IPC00172-SIN-PS-D-MOP,IPC00172,NV-WC02-N6-SIN-Profile
IPC00172-SIN-PS-D-MOS,IPC00172,NV-WC01-N6-SIN-Profile
IPC00172-SIN-PS-D-MOS,IPC00172,NV-WC02-N6-SIN-Profile
IPC00172-SIN-PS-HS-LIB,IPC00172,NV-WC01-N6-SIN-Profile
IPC00172-SIN-PS-HS-LIB,IPC00172,NV-WC02-N6-SIN-Profile
IPC00172-SIN-PS-HS-LIB-V120,IPC00172,NV-WC01-N6-SIN-Profile
IPC00172-SIN-PS-HS-LIB-V120,IPC00172,NV-WC02-N6-SIN-Profile
IPC00172-SIN-PS-IS-LIB,IPC00172,NV-WC01-N6-SIN-Profile
IPC00172-SIN-PS-IS-LIB,IPC00172,NV-WC02-N6-SIN-Profile
IPC00172-SIN-PS-M,IPC00172,NV-WC01-N6-SIN-Profile
IPC00172-SIN-PS-M,IPC00172,NV-WC02-N6-SIN-Profile
IPC00172-SIN-PS-M-V120,IPC00172,NV-WC01-N6-SIN-Profile
IPC00172-SIN-PS-M-V120,IPC00172,NV-WC02-N6-SIN-Profile
IPC00173-HKG-PS-M,IPC00173,NV-WC01-N1-HKG-Profile
IPC00173-HKG-PS-M,IPC00173,NV-WC02-N1-HKG-Profile
IPC00173-SIN-PS-IS-LIB,IPC00173,NV-WC01-N6-SIN-Profile
IPC00173-SIN-PS-IS-LIB,IPC00173,NV-WC02-N6-SIN-Profile
IPC00174-SIN-PS-IS-LIB,IPC00174,NV-WC01-N6-SIN-Profile
IPC00174-SIN-PS-IS-LIB,IPC00174,NV-WC02-N6-SIN-Profile
IPC00175-HKG-PS-HS-LIB,IPC00175,NV-WC01-N1-HKG-Profile
IPC00175-HKG-PS-HS-LIB,IPC00175,NV-WC02-N1-HKG-Profile
IPC00190-HKG-PS--D-MOS,IPC00190,NV-WC01-N1-HKG-Profile
IPC00190-HKG-PS--D-MOS,IPC00190,NV-WC02-N1-HKG-Profile
IPC00190-HKG-PS-D-INT,IPC00190,NV-WC01-N1-HKG-Profile
IPC00190-HKG-PS-D-INT,IPC00190,NV-WC02-N1-HKG-Profile
IPC00190-HKG-PS-D-IOS-LIB,IPC00190,NV-WC01-N1-HKG-Profile
IPC00190-HKG-PS-D-IOS-LIB,IPC00190,NV-WC02-N1-HKG-Profile
IPC00190-HKG-PS-D-IOS-LIB-LS,IPC00190,NV-WC01-N1-HKG-Profile
IPC00190-HKG-PS-D-IOS-LIB-LS,IPC00190,NV-WC02-N1-HKG-Profile
IPC00190-HKG-PS-D-MPLS,IPC00190,NV-WC01-N1-HKG-Profile
IPC00190-HKG-PS-D-MPLS,IPC00190,NV-WC02-N1-HKG-Profile
IPC00190-HKG-PS-DIS-LIB1,IPC00190,NV-WC01-N1-HKG-Profile
IPC00190-HKG-PS-DIS-LIB1,IPC00190,NV-WC02-N1-HKG-Profile
IPC00190-HKG-PS-HS-LIB-MAN,IPC00190,NV-WC01-N1-HKG-Profile
IPC00190-HKG-PS-HS-LIB-MAN,IPC00190,NV-WC02-N1-HKG-Profile
IPC00190-HKG-PS-HS-LIB-MAN-810,IPC00190,NV-WC01-N1-HKG-Profile
IPC00190-HKG-PS-HS-LIB-MAN-810,IPC00190,NV-WC02-N1-HKG-Profile
IPC00190-HKG-PS-IS-LIB,IPC00190,NV-WC01-N1-HKG-Profile
IPC00190-HKG-PS-IS-LIB,IPC00190,NV-WC02-N1-HKG-Profile
IPC00190-HKG-PS-M,IPC00190,NV-WC01-N1-HKG-Profile
IPC00190-HKG-PS-M,IPC00190,NV-WC02-N1-HKG-Profile
IPC00190-HKG-PS-MOP,IPC00190,NV-WC01-N1-HKG-Profile
IPC00190-HKG-PS-MOP,IPC00190,NV-WC02-N1-HKG-Profile
IPC00190-HKG-PS2-D-IOS-LIB,IPC00190,NV-WC01-N1-HKG-Profile
IPC00190-HKG-PS2-D-IOS-LIB,IPC00190,NV-WC02-N1-HKG-Profile
IPC00190-HKG-PS2-D-IOS-LIB-LS,IPC00190,NV-WC01-N1-HKG-Profile
IPC00190-HKG-PS2-D-IOS-LIB-LS,IPC00190,NV-WC02-N1-HKG-Profile
IPC00190-HKG3-PS-HS-LIB,IPC00190,NV-WC01-N1-HKG-Profile
IPC00190-HKG3-PS-HS-LIB,IPC00190,NV-WC02-N1-HKG-Profile
IPC00190-HKG4-PS-HS-LIB,IPC00190,NV-WC01-N1-HKG-Profile
IPC00190-HKG4-PS-HS-LIB,IPC00190,NV-WC02-N1-HKG-Profile
IPC00190-HKG5-PS-HS-LIB,IPC00190,NV-WC01-N1-HKG-Profile
IPC00190-HKG5-PS-HS-LIB,IPC00190,NV-WC02-N1-HKG-Profile
IPC00190-N1-HKG-D-PS-INT,IPC00190,NV-WC01-N1-HKG-Profile
IPC00190-N1-HKG-D-PS-INT,IPC00190,NV-WC02-N1-HKG-Profile
IPC00190-N1-HKG-D-PS-MPLS,IPC00190,NV-WC01-N1-HKG-Profile
IPC00190-N1-HKG-D-PS-MPLS,IPC00190,NV-WC02-N1-HKG-Profile
IPC00190-N1-HKG-VOIP-D-MPLS-MoP,IPC00190,NV-WC01-N1-HKG-Profile
IPC00190-N1-HKG-VOIP-D-MPLS-MoP,IPC00190,NV-WC02-N1-HKG-Profile
IPC00190-N1-HKG-VOIP-D-MPLS-MoS,IPC00190,NV-WC01-N1-HKG-Profile
IPC00190-N1-HKG-VOIP-D-MPLS-MoS,IPC00190,NV-WC02-N1-HKG-Profile
IPC00190-PS-MPLS,IPC00190,NV-WC01-N1-HKG-Profile
IPC00190-PS-MPLS,IPC00190,NV-WC02-N1-HKG-Profile
IPC00190-PS-MPLS-SEC,IPC00190,NV-WC01-N1-HKG-Profile
IPC00190-PS-MPLS-SEC,IPC00190,NV-WC02-N1-HKG-Profile
IPC00190-SIN-PS-DIS-LIB,IPC00190,NV-WC01-N6-SIN-Profile
IPC00190-SIN-PS-DIS-LIB,IPC00190,NV-WC02-N6-SIN-Profile
IPC00190-SIN-PS-M,IPC00190,NV-WC01-N6-SIN-Profile
IPC00190-SIN-PS-M,IPC00190,NV-WC02-N6-SIN-Profile
IPC001900-PS-INT,IPC00190,NV-WC01-N1-HKG-Profile
IPC001900-PS-INT,IPC00190,NV-WC02-N1-HKG-Profile
IPC001900-PS-MPLS,IPC00190,NV-WC01-N1-HKG-Profile
IPC001900-PS-MPLS,IPC00190,NV-WC02-N1-HKG-Profile
IPC00193-HKG-MPLS,IPC00193,NV-WC01-N1-HKG-Profile
IPC00193-HKG-MPLS,IPC00193,NV-WC02-N1-HKG-Profile
KGF,IPC00190,NV-WC01-N6-SIN-Profile
KGF,IPC00190,NV-WC02-N6-SIN-Profile
Manish-Test1-PS-D-H-P,Manish-Test1,NV-WC01-N6-SIN-Profile
Manish-Test1-PS-D-H-P,Manish-Test1,NV-WC02-N6-SIN-Profile
Manish-Test1-PS-D-H-S,Manish-Test1,NV-WC01-N6-SIN-Profile
Manish-Test1-PS-D-H-S,Manish-Test1,NV-WC02-N6-SIN-Profile
Manish-Test1-PS-D-IOP,Manish-Test1,NV-WC01-N6-SIN-Profile
Manish-Test1-PS-D-IOP,Manish-Test1,NV-WC02-N6-SIN-Profile
Manish-Test1-PS-D-IOS,Manish-Test1,NV-WC01-N6-SIN-Profile
Manish-Test1-PS-D-IOS,Manish-Test1,NV-WC02-N6-SIN-Profile
Manish-Test1-PS-D-MOP,Manish-Test1,NV-WC01-N1-HKG-Profile
Manish-Test1-PS-D-MOP,Manish-Test1,NV-WC02-N1-HKG-Profile
Manish-Test1-PS-D-MOS,Manish-Test1,NV-WC01-N1-HKG-Profile
Manish-Test1-PS-D-MOS,Manish-Test1,NV-WC02-N1-HKG-Profile
Manish-Test1-PS-HS-LIB,Manish-Test1,NV-WC01-N6-SIN-Profile
Manish-Test1-PS-HS-LIB,Manish-Test1,NV-WC02-N6-SIN-Profile
NV-TEST-CUST1-GGN-PS-10VRF-DIA,TEST-CUST1-GGN,NV-WC01-N3-GGN-Profile
NV-TEST-CUST1-GGN-PS-10VRF-DIA,TEST-CUST1-GGN,NV-WC02-N3-GGN-Profile
SAMPLE1234567,IPC00190,NV-WC01-N1-HKG-Profile
SAMPLE1234567,IPC00190,NV-WC02-N1-HKG-Profile
SAMPLE_IPC90_DUAL_INT1,IPC00190,NV-WC01-N1-HKG-Profile
SAMPLE_IPC90_DUAL_INT1,IPC00190,NV-WC02-N1-HKG-Profile
SAMPLE_IPC90_DUAL_INT11,IPC00190,NV-WC01-N1-HKG-Profile
SAMPLE_IPC90_DUAL_INT11,IPC00190,NV-WC02-N1-HKG-Profile
SAMPLE_IPC90_DUAL_INT12,IPC00190,NV-WC01-N1-HKG-Profile
SAMPLE_IPC90_DUAL_INT12,IPC00190,NV-WC02-N1-HKG-Profile
SAMPLE_IPC90_DUAL_INT2,IPC00190,NV-WC01-N1-HKG-Profile
SAMPLE_IPC90_DUAL_INT2,IPC00190,NV-WC02-N1-HKG-Profile
SAMPLE_IPC90_DUAL_INT21,IPC00190,NV-WC01-N1-HKG-Profile
SAMPLE_IPC90_DUAL_INT21,IPC00190,NV-WC02-N1-HKG-Profile
SAMPLE_IPC90_DUAL_INT22,IPC00190,NV-WC01-N1-HKG-Profile
SAMPLE_IPC90_DUAL_INT22,IPC00190,NV-WC02-N1-HKG-Profile
SAMPLEint33,IPC00190,NV-WC01-N1-HKG-Profile
SAMPLEint33,IPC00190,NV-WC02-N1-HKG-Profile
SAMPLEint331,IPC00190,NV-WC01-N1-HKG-Profile
SAMPLEint331,IPC00190,NV-WC02-N1-HKG-Profile
Test,IPC00172,NV-WC01-N6-SIN-Profile
Test,IPC00172,NV-WC02-N6-SIN-Profile
Test-HK,Colt,INT-WAN-NV-WC02-N3-GGN-INTERNET-StagingIpsec
Test-HK,Colt,INT-WAN1-NV-WC02-N3-GGN-INTERNET-StagingIpsec
Test-HK,Colt,INT-WAN-NV-WC02-N3-GGN-MPLS-StagingIpsec
Test-HK,Colt,INT-WAN1-NV-WC02-N3-GGN-MPLS-StagingIpsec
UCPE-SINGLE-HYBRID-LIB,IPC00172,NV-WC01-N6-SIN-Profile
UCPE-SINGLE-HYBRID-LIB,IPC00172,NV-WC02-N6-SIN-Profile
UCPE-SINGLE-HYBRID-LIB_V1,IPC00172,NV-WC01-N6-SIN-Profile
UCPE-SINGLE-HYBRID-LIB_V1,IPC00172,NV-WC02-N6-SIN-Profile
UCPE-SINGLE-INTERNET-LIB_V1,IPC00172,NV-WC01-N6-SIN-Profile
UCPE-SINGLE-INTERNET-LIB_V1,IPC00172,NV-WC02-N6-SIN-Profile
VGF,IPC00190,NV-WC01-N6-SIN-Profile
VGF,IPC00190,NV-WC02-N6-SIN-Profile
XYS1,IPC00190,NV-WC01-N6-SIN-Profile
XYS1,IPC00190,NV-WC02-N6-SIN-Profile
YUT,IPC00190,NV-WC01-N6-SIN-Profile
YUT,IPC00190,NV-WC02-N6-SIN-Profile
YUT1,IPC00190,NV-WC01-N6-SIN-Profile
YUT1,IPC00190,NV-WC02-N6-SIN-Profile
YUT3,IPC00190,NV-WC01-N6-SIN-Profile
YUT3,IPC00190,NV-WC02-N6-SIN-Profile
YUT4,IPC00190,NV-WC01-N6-SIN-Profile
YUT4,IPC00190,NV-WC02-N6-SIN-Profile
sasdadsad,IPC00172,NV-WC01-N6-SIN-Profile
sasdadsad,IPC00172,NV-WC02-N6-SIN-Profile
